Timestamp,User Data,AI Response,
2/24/25 22:30,"{'interest_category': 'Outdoor', 'specific_activity': 'Surprise me!', 'location': 'Home', 'duration': '< 1 hour', 'mood': 'Social'}","['1. **Backyard Camping Setup**: Transform your backyard into a mini campsite! Pitch a tent, roll out sleeping bags, and enjoy a fun-filled outdoor storytelling session or a card game with family.', '2. **DIY Bird Feeder Crafting**: Gather some common household items and craft custom bird feeders. Hang them around your outdoor space and enjoy a bit of birdwatching. It’s fun and helps the local wildlife!', '3. **Garden Scavenger Hunt**: Create a list of items to find or tasks to complete around your garden or yard. Involve family or friends for a lively and playful competition. See who can tick off all the items first!']",
2/24/25 22:35,initial,"{'interest_category': 'Outdoor', 'specific_activity': 'Surprise me!', 'location': 'Home', 'duration': '< 1 hour', 'mood': 'Lazy'}","['1. **Backyard Bird-Watching Bonanza**: Grab a comfy cushion and settle by your window or step into your garden. How many different birds can you spot in an hour? Keep a list or snap some pictures for a lazy yet fascinating exploration of nature right at home.', '2. **Potted Plant Picnic**: Gather a few indoor plants around your favorite seating area at home—create a mini-jungle vibe! Have a lazy picnic with some snacks amidst your green buddies. It’s a tranquil retreat without leaving your doorstep.', ""3. **Cloud Storytelling Game**: Lie back on a blanket in your yard and watch the clouds go by. Use your imagination to make up stories or shapes from the cloud formations. It's a relaxing way to engage with the great outdoors right from your own turf.""]"
2/24/25 22:35,final,{'chosen_activity': '1. **Backyard Bird-Watching Bonanza**: Grab a comfy cushion and settle by your window or step into your garden. How many different birds can you spot in an hour? Keep a list or snap some pictures for a lazy yet fascinating exploration of nature right at home.'},"### Backyard Bird-Watching Bonanza Plan

#### Overview
Bring the beauty of nature closer by engaging in a relaxing session of bird-watching right in your backyard. This activity will not only provide an opportunity to observe and appreciate local wildlife, but it can also serve as a calming, educational experience. Below is a step-by-step plan to maximize your bird-watching enjoyment.

#### Preparation

1. **Select a Date and Time:**
   - Choose a day with clear weather to ensure better visibility.
   - Early morning or late afternoon are usually the best times for bird activity.

2. **Gather Equipment:**
   - **Binoculars:** Essential for seeing details from a distance.
   - **Camera:** A smartphone or a camera with a zoom lens for capturing images.
   - **Bird Guide Book/App:** Helps in identifying various bird species. Apps like Merlin Bird ID or Audubon Bird Guide are useful.
   - **Notepad and Pen:** For recording sightings and notes.
   - **Comfortable Seating:** A chair or a cushion if you plan to sit by a window.
   - **Bird Feeders or Baths:** Optional, to attract more birds to your yard.

3. **Set Up Your Spot:**
   - Choose a quiet spot in your garden or by a window that provides a clear view of your yard.
   - If outside, ensure you are seated comfortably, perhaps under a tree or an umbrella for shade.
   - Set up bird feeders or baths a few days before to attract birds to your yard.

#### During the Event

1. **Start Your Observation:**
   - Begin by calming settling into your spot with all your gear within easy reach.
   - Start the timer for one hour of bird-watching.

2. **Bird Spotting:**
   - Use your binoculars to spot birds. Look for movement in trees, near feeders, or in the sky.
   - Consult your bird guide book or app to help identify the species.
   - Take notes on characteristics if you're unsure, including size, color, and behavior.

3. **Record Keeping:**
   - Write down every species you identify.
   - Note the time of sighting and any interesting behaviors observed.
   - If possible, take photos for later review or to share on bird-watching forums and social media.

4. **Photography Tips:**
   - Use a long zoom for clear bird pictures.
   - Be patient; wait for birds to come into view and try not to make sudden movements.
   - Adjust camera settings for best light exposure, especially if under foliage or in dimmer light.

#### Post Activity

1. **Review and Research:**
   - Go through the photos and notes, use your bird guide to confirm any uncertain sightings.
   - Update your bird list with any new confirmations.

2. **Log and Share:**
   - Update your personal bird-watching log with your observations.
   - Share your experiences and pictures on social media or bird-watching communities online.

3. **Reflection:**
   - Reflect on the experience. What did you learn?
   - Any particular species you found interesting or unusual?

4. **Plan for Future Bird-Watching:**
   - Based on your experience, consider arranging another session. Maybe next time invite family or friends to join.
   - Consider setting up more bird feeders or planting bird-friendly plants to attract a wider variety of birds.

#### Additional Tips

- Dress appropriately for the weather if sitting outside.
- Minimize noise and movement to avoid scaring away birds.
- Regularly clean and refill bird feeders and baths to keep birds coming back.

By following this detailed plan, your backyard can become a haven not just for birds, but for any nature enthusiast looking for a peaceful yet engaging hobby. Enjoy the bird-watching bonanza!"2025-03-05 17:44:07,initial,"{'interest_category': 'Fitness', 'specific_activity': 'Surprise me!', 'location': 'Outdoor', 'duration': '< 1 hour', 'mood': 'Adventurous'}","['1. **Trail Running Adventure**: Lace up your sneakers and hit the natural trails. Feel the rush of the wind and the thrill of the unpredictable terrain as you push your limits in a scenic outdoor setting!', '2. **Outdoor Rock Climbing**: Challenge yourself with an invigorating climb on a natural rock face. Experience the adrenaline and satisfaction of reaching new heights surrounded by breathtaking views.', '3. **Kayak Racing**: Paddle vigorously across a nearby lake or river. Compete against the clock or friends, and enjoy splashing through the waterways as you navigate turns and currents.']"
2025-03-05 17:44:38,final,{'chosen_activity': '2. **Outdoor Rock Climbing**: Challenge yourself with an invigorating climb on a natural rock face. Experience the adrenaline and satisfaction of reaching new heights surrounded by breathtaking views.'},"Planning an outdoor rock climbing trip requires attention to detail, preparation, and safety precautions. Here is a detailed plan to organize and execute a successful and enjoyable outdoor rock climbing experience:

### 1. **Choose the Climbing Location**
   - **Research**: Look for popular climbing destinations that match your skill level. Websites like Mountain Project or local climbing forums can provide insights into different climbs, difficulty levels (using the Yosemite Decimal System), and recent climber reviews.
   - **Type of Climbing**: Decide whether you want to do sport climbing, traditional climbing, bouldering, or multi-pitch climbing. Factors to consider include your experience, equipment, and the type of challenge you’re looking for.
   - **Accessibility and Permits**: Check if the area requires permits or has specific regulations. Some climbing areas might be on private property or protected lands.

### 2. **Preparation and Gear**
   - **Physical Prep**: Ensure you’re physically prepared for the climb. Depending on the difficulty, you may need to train strength, endurance, and flexibility.
   - **Gear Checklist**:
     - Climbing shoes
     - Harness
     - Helmet
     - Climbing ropes
     - Carabiners
     - Belay device
     - Quickdraws (for sport climbing)
     - Traditional gear (cams, nuts) if doing trad climbing
     - Chalk and chalk bag
     - Guidebook or app for the climbing area
   - **Rent or Buy**: If you do not own the gear, check local climbing shops for rentals. Purchasing gear is better for frequent climbers.
   - **Pack Essentials**: Water, snacks, first aid kit, map, and a compass or GPS device.

### 3. **Safety and Skills**
   - **Climbing Partner**: Always climb with a partner for safety. Ensure your partner is trustworthy and experienced enough for the climb.
   - **Skills Assessment**: Make sure you and your partner know essential skills like knot tying, belaying, anchor setting, and lead climbing (if applicable).
   - **Emergency Plan**: Know the local emergency contact numbers and the quickest way to get medical help. Inform someone about your climbing plans and expected return time.

### 4. **Weather and Timing**
   - **Check Weather**: Always check the weather forecast before setting out. Avoid climbing in wet conditions or if there is a storm forecast.
   - **Start Early**: Starting early will help you avoid crowds and give you enough daylight to complete your climb and return safely.

### 5. **On the Day**
   - **Arrival and Setup**: Arrive early to find parking and get a good start. Check your gear and double-check everything with your climbing partner.
   - **Warm-Up**: Do a thorough warm-up to reduce the risk of injury. Include light exercise and stretching.
   - **Climb**: Stick to your planned routes and keep communication constant with your partner. Take breaks when needed and stay hydrated.
   - **Leave No Trace**: Be mindful of the environment. Pack out all your trash and minimize your impact on the natural surroundings.

### 6. **Post-Climb**
   - **Gear Maintenance**: Clean and check your gear for any damage post-climb. Proper maintenance will ensure the longevity and safety of your equipment.
   - **Reflect**: Discuss what went well and what could be improved for next time.
   - **Log Your Climb**: Note down your route, challenges, and any other interesting details in a climbing journal or app. This helps in tracking progress and planning future climbs.

### 7. **Follow Up**
- Stay connected with the local climbing community to hear about new routes, closures, and other relevant information.

By following this detailed plan, you can ensure a challenging yet safe and rewarding outdoor rock climbing experience. Remember, the key to successful climbing is preparation, safety, and respect for the environment and fellow climbers."
2025-03-05 17:59:39,initial,"{'interest_category': 'Outdoor', 'specific_activity': 'Surprise me!', 'location': 'Outdoor', 'duration': '1-3 hours', 'mood': 'Adventurous'}","[""1. **Geocaching Adventure**: Dive into a real-world, outdoor treasure hunt using GPS to find hidden objects. It's a thrilling way to explore unknown corners of your local area, testing your navigation skills and bringing out your inner explorer."", ""2. **Rock Climbing Excursion**: Challenge yourself with a rock climbing session in the great outdoors. Whether you're a beginner or a seasoned climber, scaling natural rock formations offers a rewarding experience and a fantastic physical workout."", '3. **Kayak Exploration**: Paddle through serene waters or navigate mild rapids in a kayak. Discover hidden waterways, get up close with local wildlife, and enjoy the tranquility of being on the water.']"
2025-03-05 18:00:32,final,"{'chosen_activity': '3. **Kayak Exploration**: Paddle through serene waters or navigate mild rapids in a kayak. Discover hidden waterways, get up close with local wildlife, and enjoy the tranquility of being on the water.'}","### Kayak Exploration Trip Plan

**Objective:** To enjoy a day of kayaking, exploring serene waters, navigating mild rapids, discovering hidden waterways, observing local wildlife, and soaking in the tranquility of nature.

#### 1. Preparation

**a. Choose a Location:** 
   - Research locations suitable for your kayaking experience. Consider:
     - Local lakes, rivers, or coastal areas.
     - Level of difficulty – choose calm waters for relaxation or mild rapids for a bit of adventure.
     - Accessibility and parking facilities.
     - Permits or reservations needed, if any.

**b. Check Weather Conditions:**
   - Look up weather forecasts to choose a day with favorable conditions.
   - Avoid planning your trip on windy or stormy days.

**c. Equipment:**
   - **Kayak:** Rent or buy a kayak suitable for your skill level.
   - **Paddle:** Ensure it's the right size for your height and strength.
   - **Life Jacket:** Must comply with safety standards.
   - **Helmet:** Recommended for navigating rapids.
   - **Waterproof Bag:** For personal items and electronic devices.
   - **Appropriate Clothing:** Quick-dry clothing, water shoes, hat, and sunglasses.
   - **Additional Gear:** Rope, knife, water bottle, snacks, and sunscreen.

**d. Safety Precautions:**
   - Learn basic kayaking techniques and safety measures.
   - Inform someone of your trip plan and expected return time.
   - Familiarize yourself with the local wildlife and how to safely observe them.

#### 2. Day of the Trip

**a. Early Start:**
   - Aim to start early to maximize daylight hours and avoid crowds.

**b. Check-In at Location (if required):**
   - Complete any necessary check-ins or permits.
   - Verify if there are any changes in conditions or safety concerns.

**c. Gear Setup:**
   - Assemble your kayak and gear near the launch site.
   - Ensure all equipment is secure and functional.
   - Put on your life jacket and helmet.

#### 3. Kayaking

**a. Launching:**
   - Launch your kayak smoothly into the water.
   - Stay calm and balanced to avoid tipping over.

**b. Paddling:**
   - Start with gentle paddling to get comfortable.
   - Follow a planned route, but remain flexible to explore interesting spots.

**c. Explore and Observe:**
   - Navigate through chosen paths, explore hidden waterways.
   - Observe local wildlife from a safe distance.
   - Take breaks to appreciate the surroundings and capture photos.

**d. Managing Rapids (if applicable):**
   - Approach rapids with controlled speed and appropriate techniques.
   - Keep your kayak straight and paddle forcefully to maintain momentum.

#### 4. Conclusion of the Trip

**a. Return:**
   - Head back to the starting point, allowing ample time before dusk.
   - Paddle at a steady pace to conserve energy.

**b. Clean Up:**
   - Remove any trash you’ve accumulated to keep the environment clean.
   - Check equipment for any damages and clean them accordingly.

**c. Gear Storage:**
   - Store your kayak and gear properly after drying them off to prevent damage.

**d. Reflect:**
   - Reflect on the experience to improve future kayak explorations.
   - Share experiences and photos with friends or a community of fellow kayakers.

### Additional Tips:
- Take a basic first-aid kit for emergencies.
- Consider taking a GPS device or a map if you are exploring large or complex waterways.
- Joining a local kayaking group or club can be a great way to learn and enjoy trips with experienced paddlers.

This detailed plan will ensure a safe, enjoyable, and memorable kayaking adventure, letting you immerse fully in the natural beauty around you."
2025-03-06 21:48:20,initial,"{'interest_category': 'Outdoor', 'specific_activity': 'Surprise me!', 'location': 'Home', 'duration': '< 1 hour', 'mood': 'Relaxed', 'latitude': 40.7611066, 'longitude': -73.9921332}","['Given your preferences and location near Midtown Manhattan, New York City, here are three relaxed outdoor activities that can be done in less than an hour, which should bring a pleasant surprise:', '1. **Stroll Through Bryant Park**', '- **Location:** Between Fifth Avenue and Avenue of the Americas and between 40th and 42nd Streets in Midtown Manhattan']"
2025-03-06 21:49:48,initial,"{'interest_category': 'Creative', 'specific_activity': 'Surprise me!', 'location': 'Outdoor', 'duration': '1-3 hours', 'mood': 'Adventurous', 'latitude': 40.7611066, 'longitude': -73.9921332}","['Based on your preferences for a creative and adventurous activity, outdoors, with a duration of 1-3 hours near the coordinates (40.7611066, -73.9921332) — which is close to Midtown Manhattan, New York City — here are three tailored suggestions for activities that could surprise and delight you:', '1. **Urban Sketching at Bryant Park**', '- **Activity**: Engage in a fun and creative session of urban sketching. Bryant Park, which is near your provided coordinates, is a vibrant spot filled with interesting people, beautiful landscapes, and iconic architecture, perfect for drawing and painting. Bring along a sketchbook, some pencils or watercolors, and find a comfortable spot to capture the scenes around you. This is an excellent way to express creativity while enjoying the outdoors.']"
2025-03-06 21:52:22,initial,"{'interest_category': 'Creative', 'specific_activity': 'Surprise me!', 'location': 'Home', 'duration': '1-3 hours', 'mood': 'Adventurous', 'latitude': 40.7611056, 'longitude': -73.9921246}","['Certainly! Given the preferences and the location near the coordinates (40.7611056, -73.9921246), which is close to Midtown Manhattan, New York City, here are three creative and adventurous activities to do at home:', '1. **DIY Craft Project**: Since the specific activity is a surprise and the category is creative, consider embarking on a DIY craft project using items you can easily find around your home or purchase from nearby stores. Create a custom piece of wall art or experiment with upcycling old furniture. This activity allows you to channel your creativity in personalizing your living space. You can find inspiration from online tutorials or craft books.', '2. **Experimental Cooking Session**: Tap into your adventurous mood by hosting an experimental cooking session. Pick a cuisine you’re less familiar with or have always wanted to try cooking – perhaps a complex dish like homemade sushi or a French dessert like macarons. The goal is to challenge your culinary skills and enjoy the process, no matter the outcome. This activity promises an exciting culinary adventure right from your kitchen.']"
2025-03-06 21:56:12,final,"{'chosen_activity': 'Certainly! Given the preferences and the location near the coordinates (40.7611056, -73.9921246), which is close to Midtown Manhattan, New York City, here are three creative and adventurous activities to do at home:'}","Midtown Manhattan is a bustling hub of activity, culture, and entertainment. Being in such an inspiring location, even if you're staying indoors, you can incorporate the energy and vibrancy of the city into your home-based activities. Here are three creative and adventurous activities to do at home, tailored to someone living near the coordinates (40.7611056, -73.9921246):

### 1. **Home-based New York City Film Festival**

**Objective:** Celebrate the rich cinematic history of New York City by hosting your own film festival at home.

**Plan:**
- **Preparation:** Research and make a list of iconic films set in New York City, such as ""Breakfast at Tiffany’s,"" ""Taxi Driver,"" ""Ghostbusters,"" ""Manhattan,"" and newer hits like ""Spider-Man: Into the Spider-Verse.""
- **Setting:** Create a cinematic ambiance; arrange your living room to mimic a theater setting with comfortable seating, dimmed lights, and perhaps a projector if available.
- **Viewing Schedule:** Plan a schedule that spreads over a weekend or a week, depending on your availability. Assign different themes for different days—like classics, modern hits, or New York-based directors.
- **Interactivity:** Enhance the experience by hosting discussions after each film. Use online platforms to invite friends to watch the same film simultaneously and discuss it virtually.

### 2. **Culinary Exploration: A Taste of NYC**

**Objective:** Explore the diverse culinary landscape of New York City from your kitchen.

**Plan:**
- **Research:** Each day or week, pick a cuisine from a different part of the world that is well-represented in NYC’s culinary scene (e.g., Italian, Chinese, Middle Eastern, Latin American).
- **Cooking:** Use online resources to find authentic recipes or sign up for virtual cooking classes hosted by local NYC chefs. Gather ingredients from local markets to keep the experience authentic and support local businesses.
- **Presentation:** Serve each meal in a way that reflects the culture it represents. Play music from that region and decorate your dining area accordingly to enhance the thematic experience.
- **Sharing:** Consider documenting your culinary journey and sharing it on social media, or invite friends to participate in a virtual dinner party.

### 3. **Art and Design Like a New Yorker**

**Objective:** Channel the creativity of New York’s art scene by engaging in art and design projects.

**Plan:**
- **Inspiration:** Take virtual tours of renowned New York art institutions like the Museum of Modern Art (MoMA) and the Metropolitan Museum of Art. Focus on specific artists or movements for inspiration.
- **Project Selection:** Choose a medium or art form each week—painting, sculpture, digital art, or crafts. For example, you might start with abstract expressionism one week and street art the next.
- **Creation Space:** Set up a dedicated space in your home where you can freely create and store your materials. Equip this space with all the necessary tools and ambiance (good lighting, inspirational music).
- **Online Workshops:** Participate in online workshops or watch tutorial videos to learn new techniques and skills.
- **Showcase:** Organize an end-of-month virtual exhibition of your creations. Invite friends to view your work over a video call, and discuss each piece’s concept and execution.

These activities are not only adventurous and creative but also deeply enriching, allowing you to experience the essence of New York City without stepping outside. They provide a meaningful, engaging way to enjoy the cultural wealth of your surroundings right from your home in Midtown Manhattan."
2025-03-10 22:31:41,initial,"{'interest_category': 'Outdoor', 'specific_activity': ""my mom's visiting"", 'location': 'Outdoor', 'duration': '1-3 hours', 'mood': 'Adventurous', 'latitude': 40.7610694, 'longitude': -73.992143}","['Based on the preferences and coordinates provided (40.7610694, -73.992143), which are close to New York City, here are three outdoor and adventurous activities you could consider for a visit with your mom, lasting between 1 to 3 hours:', '1. **Central Park Walking Tour**', ""- **Activity Details**: Embark on a guided walking tour of Central Park. This sprawling park offers numerous paths, scenic vistas, and iconic landmarks such as Bethesda Terrace, The Mall, and Bow Bridge. Enjoy exploring the park's varied landscapes, from formal gardens to wild woodlands, all while getting a bit of exercise and fresh air.""]"
2025-03-10 22:43:58,final,{'chosen_activity': '1. **Central Park Walking Tour**'},"Planning a walking tour of Central Park in New York City can be a delightful and enriching experience, allowing you to explore some of the park's most iconic features and hidden gems. Central Park, covering 843 acres, offers a mix of natural beauty and historical landmarks. Here is a detailed plan for a day-long Central Park walking tour:

### 1. Preparation:
- **Date**: Choose a comfortable day with pleasant weather.
- **Time**: Start early in the morning around 8:00 AM to make the most of the day and avoid large crowds.
- **Wear Comfortable Clothing and Shoes**: You’ll be walking a lot, so wear appropriate footwear and bring layers in case the weather changes.
- **Pack Essentials**: Water, snacks, sunscreen, sunglasses, a hat, and a portable charger for your phone.
- **Map of Central Park**: Either a physical map or one on your smartphone (Google Maps or the official Central Park app).

### 2. Starting Point: Columbus Circle
- **Getting There**: Accessible via subway lines A, B, C, D, 1 to 59th Street-Columbus Circle.
- **Brief Intro**: Gather at the southwest entrance of the park, discuss the plan and overview of the park’s history.

### 3. Points of Interest:

#### a. **The Pond and Gapstow Bridge**
- Just a short walk from Columbus Circle, start at The Pond. Enjoy views of the city juxtaposed against nature, and the picturesque Gapstow Bridge.

#### b. **Wollman Rink**
- Continue to the Wollman Rink, an iconic ice skating rink. If visiting during winter, watch skaters glide across the ice.

#### c. **Central Park Zoo**
- A small but charming zoo, visit if interested in wildlife; the penguin and sea lion feedings are popular.

#### d. **The Mall and Literary Walk**
- Stroll through the elm-lined promenade known for its statues of literary figures and the hustle and bustle of street performers and artists.

#### e. **Bethesda Terrace and Fountain**
- At the heart of the park, Bethesda Terrace offers stunning architectural views and the famous Angel of the Waters statue in the fountain.

#### f. **The Bow Bridge**
- One of Central Park’s most romantic spots, perfect for photos.

#### g. **The Ramble**
- A less structured area of the park, great for those who enjoy a bit of adventure and bird watching.

#### h. **Strawberry Fields and the Imagine Mosaic**
- Visit this quiet area dedicated to John Lennon, marked by the 'Imagine' mosaic.

#### i. **Belvedere Castle**
- A stone castle offering panoramic views of the park and NYC skyline. It's ideal for scenic views and photo opportunities.

#### j. **The Great Lawn**
- A vast open space, perfect for a picnic lunch and some relaxation.

#### k. **Conservatory Water**
- Known for its model boats, which people remotely pilot across the pond. Nearby, check out the Alice in Wonderland statue, a favorite among children.

#### l. **The Conservatory Garden**
- End your walking tour at this beautifully manicured formal garden in Upper East Side, which is often less crowded and provides a serene environment.

### 4. Ending Point: Conservatory Garden
- **Relax and Reflect**: After reaching the conservatory garden, relax on one of the benches and reflect on the tour.

### 5. Optional Extension:
- If time and energy permit, explore nearby attractions such as The Metropolitan Museum of Art or The Guggenheim, both of which are just a short walk from the park’s boundaries.

### 6. Additional Tips:
- **Restrooms**: Plan stops at restrooms along the route. Central Park has several public restrooms.
- **Dining**: There are several food vendors throughout the park, or pack a lunch to enjoy on the Great Lawn.
- **Guided Tours**: If you prefer a guided tour, several organizations offer themed tours of Central Park.

This walking tour plan offers a comprehensive exploration of Central Park’s most cherished landmarks, balancing nature, history, and the arts, allowing for a memorable experience in New York’s iconic green space."
2025-03-10 23:09:21,initial,"{""interest_category"": ""Creative"", ""specific_activity"": ""Surprise me!"", ""location"": ""City"", ""duration"": ""1-3 hours"", ""mood"": ""Social"", ""latitude"": 40.7611015, ""longitude"": -73.9921232}","{""activities"": [{""title"": ""Visit The Museum of Modern Art (MoMA)"", ""summary"": ""Explore one of the largest and most influential museums of modern art in the world, located in the heart of New York City.""}, {""title"": ""Central Park Scavenger Hunt"", ""summary"": ""Participate in a fun and interactive scavenger hunt across Central Park, discovering hidden gems and historic landmarks.""}, {""title"": ""Broadway Show Experience"", ""summary"": ""Enjoy a spectacular Broadway show, immersing yourself in the vibrant culture and entertainment scene of New York.""}]}"
2025-03-10 23:11:28,initial,"{""interest_category"": ""Outdoor"", ""specific_activity"": ""Surprise me!"", ""location"": ""Outdoor"", ""duration"": ""1-3 hours"", ""mood"": ""Lazy"", ""latitude"": 40.7610803, ""longitude"": -73.9921151}","{""activities"": [{""title"": ""Explore Central Park's Hidden Secrets"", ""summary"": ""Join a guided tour to discover lesser-known spots in Central Park, like the Shakespeare Garden, hidden waterfalls, and secret sculptures.""}, {""title"": ""Interactive Cooking Class"", ""summary"": ""Participate in an interactive cooking class in Hell's Kitchen focusing on international cuisines, where you can learn and dine on your creations.""}, {""title"": ""Sunset Sail on the Hudson River"", ""summary"": ""Enjoy a sunset sailing experience on the Hudson River, offering breathtaking views of the Manhattan skyline and Statue of Liberty.""}]}"
2025-03-10 23:15:47,initial,"{""interest_category"": ""Outdoor"", ""specific_activity"": ""Surprise me!"", ""location"": ""City"", ""duration"": ""1-3 hours"", ""mood"": ""Social"", ""latitude"": 40.7610958, ""longitude"": -73.9921254}","{""activities"": [{""title"": ""Visit The Museum of Modern Art"", ""summary"": ""Explore world-class modern and contemporary art collections, including paintings, sculptures, and films, located in Midtown Manhattan.""}, {""title"": ""Central Park Scavenger Hunt"", ""summary"": ""Engage in a fun and interactive scavenger hunt that takes you through the iconic landscapes and hidden gems of Central Park.""}, {""title"": ""Broadway Show Experience"", ""summary"": ""Catch a mesmerizing Broadway show at one of the many theatres around Times Square, experiencing the pinnacle of American theater.""}]}"
2025-03-10 23:16:17,final,"{""chosen_activity"": ""Broadway Show Experience""}","""Planning a Broadway show experience involves several components for an optimal outing. Here\u2019s a detailed guide to help you plan a memorable Broadway show experience:\n\n### 1. **Selecting the Show**\n   - **Research**: Browse what shows are currently playing or upcoming. Websites like Playbill, Broadway.com, or the TKTS app are useful for finding detailed information, including show descriptions and reviews.\n   - **Audience**: Consider the preferences of your group. Some shows are more family-friendly, others are better suited for adults.\n   - **Availability and Timing**: Check the schedules to find a performance that fits your itinerary.\n\n### 2. **Purchasing Tickets**\n   - **Budgeting**: Determine your budget. Broadway tickets can vary significantly in price based on the show, seating category, and how far in advance you purchase them.\n   - **Best Time to Buy**:\n      - For better prices, consider matinee shows or weekdays.\n      - Last-minute tickets can sometimes be cheaper, though options may be limited.\n   - **Where to Buy**:\n      - Official Venue or Show Website\n      - TKTS Booth: For same-day discounted tickets\n      - Lottery, Rush, or Standing Room Only Tickets for discounts\n   - **Seating**: Decide if you prefer front and center, balcony, or box seats. Each offers a different experience and comes with a different price tag.\n\n### 3. **Pre-Show Preparation**\n   - **Accommodations**: If traveling from out of town, book a hotel close to the theater district.\n   - **Travel Arrangements**: Plan how you\u2019ll get to the theater. Consider traffic, parking, and public transport options.\n   - **Dining**:\n      - **Pre-Theater Dinner**: Many restaurants near Broadway theaters offer special pre-theater menus designed to get you out in time for your show.\n      - **Reservations**: Make reservations well in advance, especially if dining on weekends or near holidays.\n   - **Dress Code**: Most Broadway shows do not have a strict dress code, but dressing smartly can enhance the experience.\n\n### 4. **Day of the Show**\n   - **Arrival Time**: Aim to arrive at least 30 minutes before the show starts to account for security checks and to find your seats without rushing.\n   - **Ticket Collection**: If you haven\u2019t printed your tickets or have them digitally, ensure you have time to collect them from the box office.\n   - **Programs**: Consider purchasing a show program for a keepsake and to learn more about the production and cast.\n\n### 5. **Post-Show**\n   - **Stage Door**: If you\u2019re a fan of the cast, visiting the stage door after the show can be a great opportunity to meet performers, get autographs, and take photos.\n   - **Discussing the Show**: Plan for a post-show coffee or drink nearby to discuss the performance and debrief the experience with your companions.\n\n### 6. **Additional Tips**\n   - **Accessibility**: If accessibility is a concern, contact the theater in advance to arrange necessary accommodations.\n   - **Special Offers and Packages**: Some theaters offer behind-the-scenes tours or discussions before or after the show.\n   - **Local Laws and Theatre Policies**: Familiarize yourself with local regulations and theater policies regarding photography, recording, mobile phone usage, and late arrivals.\n\n### 7. **Health and Safety**\n   - **Covid-19 Considerations**: Check if the theater has specific health guidelines or requirements such as mask mandates or vaccination proof.\n   - **Insurance**: For visitors from out of town, consider travel insurance that covers ticket costs in case of unexpected trip cancellations.\n\nBy following this detailed plan, you can ensure a smooth and enjoyable Broadway experience from start to finish. Enjoy the magic of the theater!"""
2025-03-10 23:17:10,initial,"{""interest_category"": ""Fitness"", ""specific_activity"": ""my mom's visiting"", ""location"": ""City"", ""duration"": ""< 1 hour"", ""mood"": ""Productive"", ""latitude"": 40.7610958, ""longitude"": -73.9921254}","{""activities"": [{""title"": ""Central Park Scavenger Hunt"", ""summary"": ""Explore Central Park with a fun and interactive scavenger hunt that combines physical activity with puzzle-solving. Ideal for groups and families.""}, {""title"": ""Virtual Reality Experience"", ""summary"": ""Visit a local VR arcade near Times Square and immerse yourself in different worlds, from deep-sea adventures to outer space explorations.""}, {""title"": ""Broadway Show Behind-the-Scenes Tour"", ""summary"": ""Take a guided tour behind the scenes of a famous Broadway theater to see how productions are brought to life, from set design to costume creation.""}]}"
2025-03-10 23:17:33,final,"{""chosen_activity"": ""Central Park Scavenger Hunt""}","""A Central Park Scavenger Hunt is a fun, engaging activity that can be tailored for various age groups and purposes, such as team building, family outings, or educational field trips. Below is a comprehensive plan to organize and execute a scavenger hunt in New York City\u2019s Central Park.\n\n### 1. **Objective Setting**\n   - **Identify Purpose**: Determine if the hunt is for fun, education, team building, or another purpose.\n   - **Establish Goals**: For example, to explore the most famous landmarks of Central Park, learn about its history, or simply enjoy outdoor activities.\n\n### 2. **Preparation**\n   - **Research**: Gather information on Central Park landmarks, history, interesting facts, and logistics.\n   - **List of Items/Locations**: Create a list of items to find or tasks to complete. Examples include:\n     - Bethesda Terrace and Fountain\n     - Belvedere Castle\n     - The Central Park Zoo\n     - The Great Lawn\n     - Strawberry Fields\n     - The Obelisk\n     - Row Boats at The Loeb Boathouse\n     - Alice in Wonderland statue\n   - **Clues and Challenges**: Develop riddles or puzzles for each location. These can be straightforward directions for young children or more complex puzzles for adults.\n   - **Maps/Create Route**: Provide maps or create a digital route on smartphones if possible. Ensure the path is logical and time-efficient, minimizing backtracking.\n   - **Teams**: If in a large group, divide into teams. Consider team sizes that are manageable, typically 4-6 people.\n   - **Timing**: Decide the date and duration. Typically, a scavenger hunt in Central Park can last 2-4 hours depending on the group's engagement and pace.\n\n### 3. **Materials Needed**\n   - **Scavenger Hunt Lists/Clues**: Printed or digital copies for each team.\n   - **Maps of Central Park**: Handy during the hunt, unless the event is designed to challenge navigation skills.\n   - **Pens/Pencils, Clipboards**: For each participant if using printed clues or lists.\n   - **Prizes**: Optional, based on budget and nature of the event.\n   - **First-Aid Kit**: For safety concerns.\n   - **Water and Snacks**: Consider providing, especially on hot days.\n\n### 4. **Day of the Event**\n   - **Arrival and Introduction**: Gather all participants at a designated starting point, like the entrance near The Plaza Hotel on 59th Street. Explain the rules, distribute the scavenger hunt materials, and answer any questions.\n   - **Start the Hunt**: Have teams start at staggered intervals to avoid congestion. Use a whistle or horn to signal start.\n   - **Monitoring and Assistance**: Staff or organizers should be available and mobile throughout the park to provide help or hints if necessary.\n   - **Time Tracking**: Keep track of time; remind teams of remaining time via text or calls if necessary.\n\n### 5. **Post-Hunt Gathering**\n   - **Debrief Location**: Choose a meeting point, such as Sheep Meadow, where teams will gather after the hunt.\n   - **Review Submissions**: Check off items found or tasks completed from each team\u2019s list.\n   - **Award Prizes**: Decide winners based on the number of items found, tasks completed, or even the time taken. Hand out prizes if applicable.\n   - **Group Feedback and Photos**: Engage with participants to get feedback and take group photos to memorialize the event.\n\n### 6. **Additional Tips**\n   - **Weather Consideration**: Have a backup date in case of bad weather, or adjust the length and scope of the hunt.\n   - **Legal Permissions**: Ensure no permits are required for the activities planned, especially if a large group is involved.\n   - **Accessibility**: Make sure the hunt is accessible to everyone, including those with mobility issues.\n   - **Safety Briefing**: Highlight important safety information before starting, including staying within park boundaries and respecting park rules and other visitors.\n\n### 7. **Follow-up**\n   - **Thank You Notes**: Send out thank you messages or emails to all participants.\n   - **Share Photos and Videos**: If photos were taken, share them with participants as a reminder of the fun event.\n\nOrganizing a scavenger hunt in Central Park is a rewarding experience that requires detailed planning and coordination. With the right structure and preparation, participants can enjoy a memorable adventure exploring one of the world\u2019s most famous parks."""
2025-03-12 18:27:00,initial,"{""interest_category"": ""Creative"", ""specific_activity"": ""yoga"", ""location"": ""City"", ""duration"": ""1-3 hours"", ""mood"": ""Social"", ""latitude"": 40.7610425, ""longitude"": -73.9921253}","{""activities"": [{""title"": ""Explore the Secret Rooms at The Frick Collection"", ""summary"": ""Discover hidden rooms and unique art pieces in The Frick Collection, an art museum located in the Henry Clay Frick House on the Upper East Side in Manhattan.""}, {""title"": ""Night Kayaking under the Stars"", ""summary"": ""Embark on a nighttime kayaking adventure on the Hudson River, enjoying the city skyline under the stars.""}, {""title"": ""Interactive Cooking Class at Eataly NYC Flatiron"", ""summary"": ""Join a hands-on cooking class at Eataly, where you can learn to make authentic Italian dishes from professional chefs.""}]}"
2025-03-12 18:27:41,final,"{""chosen_activity"": ""Explore the Secret Rooms at The Frick Collection""}","""As of my last knowledge update in September 2021, The Frick Collection does not publicly advertise any secret rooms as part of its visitor experience. It's located in the Henry Clay Frick House on the Upper East Side in Manhattan, New York City, and it's renowned for its distinguished Old Master paintings and outstanding examples of European sculpture and decorative arts.\n\nShould you be interested in exploring the less-visible or less-frequented aspects of the museum, theoretically speaking, you might follow a plan that emphasizes curiosity, respect for the space, and an enthusiastic engagement with the art and architecture. Below is a detailed plan on how you could enrich your experience at The Frick Collection, potentially uncovering lesser-known aspects and details during your visit.\n\n### 1. Thorough Research\n**Before Your Visit:**\n- **Study the history** of the Frick Collection and the building itself. Understanding its history, changes over time, and architectural details might give hints toward lesser-known parts of the museum.\n- **Check the museum\u2019s website** and social media for any announcements or special tours that may offer access to typically private or renovation spaces.\n\n### 2. Plan Your Visit\n**Timing:**\n- Choose a time when the museum is less likely to be crowded (e.g., weekday mornings right after opening).\n- Plan to spend several hours to fully appreciate and explore the museum, giving yourself time to observe details easily overlooked during a quick visit.\n\n**Tickets:**\n- Purchase tickets in advance if required, ideally opting for any special tours that might access areas usually closed to the public.\n\n### 3. Participate in Guided Tours\n- **Join guided tours** offered by the museum; sometimes curators or experts share insights or access to areas not commonly known to the public.\n- Inquire with staff if there are any \""behind-the-scenes\"" or special subject tours available that delve into areas like conservation, storage, or private collections.\n\n### 4. Engage with Staff and Docents\n- Express your interest in the architecture and history of the building. Staff members often have detailed knowledge and can share fascinating insights or overlooked features of the museum.\n- Ask specific questions about any areas of the building that are not typically accessed by the public. Sometimes, such inquiries can lead to impromptu peeks into less-seen spaces.\n\n### 5. Slow Exploration\n- Take your time going through each room. Look for hidden doors, architectural anomalies, or furnishings that might suggest transitions between public and private spaces.\n- Pay attention to the detail in both the permanent collection and the architecture of the rooms, as this might enhance your understanding and appreciation of the space.\n\n### 6. Observation Skills\n- Use a keen eye to observe unusual pathways, locked doors, or staircases that might generally be overlooked by the average visitor.\n- Respect barriers and signs but use the layout and flow of the museum to potentially discover less obvious parts of the building.\n\n### 7. Document Your Findings\n- Keep a journal or log of your observations, including sketches or descriptions of art, d\u00e9cor, and architectural details.\n- Photography might be restricted in certain areas, but where allowed, take photos for personal use to remember and analyze later.\n\n### 8. Follow Up\n- After your visit, look up any peculiarities you noticed. Sometimes, further research post-visit can uncover interesting stories or facts about the museum.\n- Share your experience and discoveries on forums or social media groups dedicated to museum enthusiasts.\n\n### Reminder:\nAlways respect the museum\u2019s rules and guidelines during your exploration. Unauthorized access to off-limits areas can result in expulsion from the museum and other legal consequences. Always prioritize the preservation of the art and the integrity of the museum experience for all visitors."""
